Factsheet,Category
/pubs/factsheets/lrc,A - C
/pubs/factsheets/acidfree,A - C
/pubs/factsheets/aidsinfs,A - C
/pubs/factsheets/authorship,A - C
/pubs/factsheets/altbibfs,A - C
/pubs/factsheets/bsd,A - C
/pubs/factsheets/cpdbfs,A - C
/pubs/factsheets/ccrisfs,A - C
/pubs/factsheets/chemidplusfs,A - C
/pubs/factsheets/ctdfs,A - C
/pubs/factsheets/supplements,A - C
/pubs/factsheets/constructitle,A - C
/pubs/factsheets/dartfs,D - F
/pubs/factsheets/dietaryfs,D - F
/pubs/factsheets/dirlinfs,D - F
/pubs/factsheets/dimrcfs,D - F
/pubs/factsheets/sis,D - F
/pubs/factsheets/docline,D - F
/pubs/factsheets/druginfoportalfs,D - F
/pubs/factsheets/lactmedfs,D - F
/pubs/factsheets/DocView,D - F
/pubs/factsheets/errata,D - F
/pubs/factsheets/ghr,G - H
/pubs/factsheets/genetxfs,G - H
/pubs/factsheets/hsdbfs,G - H
/pubs/factsheets/hazmap,G - H
/pubs/factsheets/hsrproj,G - H
/pubs/factsheets/hstat,G - H
/pubs/factsheets/hmd,G - H
/pubs/factsheets/householdproducts,G - H
/pubs/factsheets/humangenome,G - H
/pubs/factsheets/ihmfact,I - J
/pubs/factsheets/indexcat,I - J
/pubs/factsheets/infores,I - J
/pubs/factsheets/irisfs,I - J
/pubs/factsheets/ill,I - J
/pubs/factsheets/iterfs,I - J
/pubs/factsheets/j_sel_faq,I - J
/pubs/factsheets/lister_hill,L - M
/pubs/factsheets/loansome_doc,L - M
/pubs/factsheets/locatorplus,L - M
/pubs/factsheets/mesh,L - M
/pubs/factsheets/medline,L - M
/pubs/factsheets/jsel,L - M
/pubs/factsheets/dif_med_pub,L - M
/pubs/factsheets/medlineplus,L - M
/pubs/factsheets/microflm,L - M
/pubs/factsheets/multi_lang_transl,L - M
/pubs/factsheets/ncbi,N - O
/pubs/factsheets/nichsr_fs,N - O
/pubs/factsheets/nlm,N - O
/pubs/factsheets/nnlm,N - O
/pubs/factsheets/nnlmem,N - O
/pubs/factsheets/nlmclassif,N - O
/pubs/factsheets/gateway,N - O
/pubs/factsheets/intlmedlars,N - O
/pubs/factsheets/online_indexing_system,N - O
/pubs/factsheets/trainedu,N - O
/pubs/factsheets/outreach,N - O
/pubs/factsheets/preservation,P - R
/pubs/factsheets/profiles,P - R
/pubs/factsheets/psd,P - R
/pubs/factsheets/pubmed,P - R
/pubs/factsheets/ref_serv,P - R
/pubs/factsheets/rmp,P - R
/pubs/factsheets/serhold,S - T
/pubs/factsheets/sdgenbk,S - T
/pubs/factsheets/tsd,S - T
/pubs/factsheets/telemedicine,S - T
/pubs/factsheets/trifs,S - T
/pubs/factsheets/trifs,S - T
/pubs/factsheets/tehipfs,S - T
/pubs/factsheets/toxnetfs,S - T
/pubs/factsheets/toxlinfs,S - T
/pubs/factsheets/toxmap,S - T
/pubs/factsheets/toxmysteryfs,S - T
/pubs/factsheets/trademarks,S - T
/pubs/factsheets/umlsmetamorph,U - W
/pubs/factsheets/umlsmeta,U - W
/pubs/factsheets/umlsmeta,U - W
/pubs/factsheets/umlslex,U - W
/pubs/factsheets/uts,U - W
/pubs/factsheets/umls,U - W
/pubs/factsheets/visible_human,U - W
/pubs/factsheets/wiser,U - W
